{
    "mean": [
        195.4445,
        142.2437,
        214.0094
    ],
    "std": [
        52.38150,
        68.10527,
        39.63341
    ]
}
